descripcion_variable,nombre_variable_modelo,tipo_factor,factor_de_riesgo
Edad promedio del padre al momento del nacimiento,ss_sinais_nacimientos_edad_p,individual,embarazo_temprano
Edad promedio de la madre al momento del nacimiento,ss_sinais_nacimientos_edad_m,individual,embarazo_temprano
Hombres de 3 años y más.,inegi_cpv_pob73,,
Hombres de 5 años y más.,inegi_cpv_pob74,,
Población de 30 a 49 años de edad.,inegi_cpv_pob14,,
Población de 15 a 29 años de edad.,inegi_cpv_pob11,,
Mujeres de 3 a 5 años de edad.,inegi_cpv_pob34,,
Mujeres de 15 a 17 años de edad.,inegi_cpv_pob39,,
Población de 15 a 17 años de edad.,inegi_cpv_pob9,,
Población de 8 a 14 años de edad.,inegi_cpv_pob6,,
Hombres de 30 a 49 años de edad.,inegi_cpv_pob70,,
Hombres de 60 a 64 años de edad.,inegi_cpv_pob72,,
Población de 15 a 64 años de edad.,inegi_cpv_pob12,,
Mujeres de 30 a 49 años de edad.,inegi_cpv_pob45,,
Mujeres de 0 a 4 años de edad.,inegi_cpv_pob33,,
Mujeres de 60 a 64 años de edad.,inegi_cpv_pob47,,
Mujeres de 5 años y más.,inegi_cpv_pob49,,
Mujeres de 0 a 2 años de edad.,inegi_cpv_pob32,,
Mujeres de 12 años y más.,inegi_cpv_pob50,,
Mujeres de 15 años y más.,inegi_cpv_pob51,,
Mujeres de 18 años y más.,inegi_cpv_pob52,,
Mujeres de 25 años y más.,inegi_cpv_pob53,,
Población de 15 a 24 años de edad.,inegi_cpv_pob10,,
Mujeres de 65 años y más.,inegi_cpv_pob55,,
Hombres de 50 a 59 años de edad.,inegi_cpv_pob71,,
Población de 70 años y más.,inegi_cpv_pob25,,
Población de 18 a 24 años de edad.,inegi_cpv_pob13,,
Hombres de 0 a 4 años de edad.,inegi_cpv_pob59,,
Población de 50 a 59 años de edad.,inegi_cpv_pob15,,
Población de 60 a 64 años de edad.,inegi_cpv_pob16,,
Población de 0 a 4 años de edad.,inegi_cpv_pob3,,
Población de 5 años y más.,inegi_cpv_pob18,,
Población de 12 años y más.,inegi_cpv_pob19,,
Población de 15 años y más.,inegi_cpv_pob20,,
Población de 18 años y más.,inegi_cpv_pob21,,
Mujeres de 60 años y más.,inegi_cpv_pob54,,
Población de 60 años y más.,inegi_cpv_pob23,,
Mujeres de 70 años y más.,inegi_cpv_pob56,,
Mujeres de 15 a 64 años de edad.,inegi_cpv_pob43,,
Mujeres de 18 a 24 años de edad.,inegi_cpv_pob44,,
Hombres de 0 a 2 años de edad.,inegi_cpv_pob58,,
Mujeres de 50 a 59 años de edad.,inegi_cpv_pob46,,
Hombres de 3 a 5 años de edad.,inegi_cpv_pob60,,
Población de 3 años y más.,inegi_cpv_pob17,,
Mujeres de 8 a 14 años de edad.,inegi_cpv_pob36,,
Mujeres de 12 a 14 años de edad.,inegi_cpv_pob37,,
Mujeres de 0 a 14 años de edad.,inegi_cpv_pob38,,
Hombres de 60 años y más.,inegi_cpv_pob79,,
Población de 25 años y más.,inegi_cpv_pob22,,
Mujeres de 15 a 29 años de edad.,inegi_cpv_pob41,,
Población de 65 años y más.,inegi_cpv_pob24,,
Hombres de 18 a 24 años de edad.,inegi_cpv_pob69,,
Población de 0 a 2 años de edad.,inegi_cpv_pob2,,
Hombres de 8 a 14 años de edad.,inegi_cpv_pob62,,
Población de 3 a 5 años de edad.,inegi_cpv_pob4,,
Hombres de 0 a 14 años de edad.,inegi_cpv_pob64,,
Mujeres de 3 años y más.,inegi_cpv_pob48,,
Población de 6 a 11 años de edad.,inegi_cpv_pob5,,
Población de 0 a 14 años de edad.,inegi_cpv_pob8,,
Hombres de 15 a 64 años de edad.,inegi_cpv_pob68,,
Mujeres de 15 a 49 años de edad.,inegi_cpv_pob42,,
Hombres de 6 a 11 años de edad.,inegi_cpv_pob61,,
Hombres de 12 años y más.,inegi_cpv_pob75,,
Hombres de 12 a 14 años de edad.,inegi_cpv_pob63,,
Mujeres de 6 a 11 años de edad.,inegi_cpv_pob35,,
Hombres de 18 años y más.,inegi_cpv_pob77,,
Hombres de 15 a 24 años de edad.,inegi_cpv_pob66,,
Hombres de 15 a 29 años de edad.,inegi_cpv_pob67,,
Hombres de 70 años y más.,inegi_cpv_pob81,,
Hombres de 65 años y más.,inegi_cpv_pob80,,
Hombres de 25 años y más.,inegi_cpv_pob78,,
Hombres de 15 años y más.,inegi_cpv_pob76,,
Mujeres de 15 a 24 años de edad.,inegi_cpv_pob40,,
Hombres de 15 a 17 años de edad.,inegi_cpv_pob65,,
Población de 12 a 14 años de edad.,inegi_cpv_pob7,,
Población femenina. (Total de mujeres que residen habitualmente en un área geográfica determinada. Incluye la estimación del número de mujeres en viviendas particulares sin información de ocupantes. Incluye el número de mujeres que no especificó su edad.),inegi_cpv_pob31,,
población total,inegi_cpv_pob1,,
Total de personas que residen habitualmente en un área geográfica determinada. Incluye la estimación del número de personas en viviendas particulares sin información de ocupantes. Incluye a la población que no especificó su edad.,inegi_cpv_pob1,,
Población total,coneval_pobrezaingresosrezsocialgini_pobtot_ajustada,,
Población masculina. (Total de hombres que residen habitualmente en un área geográfica determinada. Incluye la estimación del número de hombres en viviendas particulares sin información de ocupantes. Incluye el número de hombres que no especificó su edad.),inegi_cpv_pob57,,
Conteo total de instituciones de salud por unidad administrativa,ss_sinais_recursos_tot_rec,social,marginacion_exclusion_social
Proporción correspondiente del total de instituciones de salud,ss_sinais_recursos_prop_tot,social,marginacion_exclusion_social
población desocupada,inegi_cpv_eco25,social,falta_oportunidades_laborales_informalidad_desocupacion
Establecimientos de unidades económicas en la región que se dedican a servicios educativos,inegi_denue_servicios_educativos,social,espacios_publicos_insuficiente_deteriorado
Establecimientos de unidades económicas en la región que se dedican a servicios de salud y de asistencia social,inegi_denue_servicios_salud_asistencia,social,espacios_publicos_insuficiente_deteriorado
"Establecimientos de unidades económicas en la región que se dedican a servicios de esparcimiento culturales y deportivos, y otros servicios recreativos",inegi_denue_servicios_culturales_deportivos,social,espacios_publicos_insuficiente_deteriorado
Establecimientos de unidades económicas en la región que se dedican a servicios de alojamiento temporal y de preparación de alimentos y bebidas,inegi_denue_hoteles_restaurantes,social,espacios_publicos_insuficiente_deteriorado
Establecimientos de unidades económicas en la región que son asociaciones y organizaciones políticas.,inegi_denue_asoc_y_org_politicas,comunitario,capital_social_participacion_incipiente
Establecimientos de unidades económicas en la región que son asociaciones y organizaciones civiles.,inegi_denue_asoc_y_org_civiles,comunitario,capital_social_participacion_incipiente
Establecimientos de unidades económicas en la región que son asociaciones y organizaciones religiosas.,inegi_denue_asoc_y_org_religiosas,comunitario,capital_social_participacion_incipiente
Porcentaje de personas  con ingreso inferior a la línea de bienestar mínimo,coneval_pobrezaingresosrezsocialgini_plb_m,social,falta_oportunidades_laborales_informalidad_desocupacion
Porcentaje de personas vulnerables por ingreso,coneval_pobrezaingresosrezsocialgini_vul_ing,social,falta_oportunidades_laborales_informalidad_desocupacion
poblacion de 12 a 14 años que no asiste a la escuela,inegi_cpv_edu16,educativo,desercion_escolar
población de 6 a 11 años que no asiste a la escuela,inegi_cpv_edu10,educativo,desercion_escolar
poblacion de 15 años y mas con educacion basica completa,inegi_cpv_edu37,familiar,marginacion_exclusion_social
Promedio por área geográfica del cociente entre número de alumnos y número de grupos en una escuela.,sep_censo_alumnos_entre_grupos,educativo,desercion_escolar
Porcentaje de escuelas que cuentan con asociación de padres de familia.,sep_censo_asociacion_de_padres_de_familia,social,capital_social_participacion_incipiente
Promedio por área geográfica del número de empleados con que cuenta una escuela.,sep_censo_empleados,educativo,desercion_escolar
Porcentaje de escuelas que pertenecen al programa Escuela Segura,sep_censo_programa_escuela_segura,educativo,desercion_escolar
Porcentaje de escuelas que pertenecen al programa Escuelas de Tiempo Completo,sep_censo_escuelas_de_tiempo_completo,educativo,desercion_escolar
Porcentaje de escuelas que pertenecen al programa Ver Bien para Aprender Mejor,sep_censo_programa_ver_bien_para_aprender_mejor,educativo,desercion_escolar
Porcentaje de escuelas que pertenecen al programa Escuela Siempre Abierta,sep_censo_programa_escuela_siempre_abierta,educativo,desercion_escolar
Conteo de escuelas donde se aplicó la encuesta,sep_enlacemedia_conteo_escuelas,,marginacion_exclusion_social
Escuelas con un nivel de marginacion muy baja,sep_enlacesecundaria_escuelas_marginacion_muy_baja,,marginacion_exclusion_social
Escuelas con un nivel de marginacion baja,sep_enlacemedia_escuelas_marginacion_baja,,marginacion_exclusion_social
Escuelas con un nivel de marginacion alta,sep_enlacemedia_escuelas_marginacion_alta,,marginacion_exclusion_social
"Porcentaje de escuelas que presenta rezago social alto o muy alto (versus medio, bajo o muy bajo),",sep_censo_rezago_social,,marginacion_exclusion_social
Escuelas con un nivel de marginacion muy baja,sep_enlaceprimaria_escuelas_marginacion_muy_baja,,marginacion_exclusion_social
Escuelas con un nivel de marginacion muy baja,sep_enlacemedia_escuelas_marginacion_muy_baja,,marginacion_exclusion_social
Escuelas con un nivel de marginacion baja,sep_enlacesecundaria_escuelas_marginacion_baja,,marginacion_exclusion_social
Escuelas con un nivel de marginacion muy alta,sep_enlacemedia_escuelas_marginacion_muy_alta,,marginacion_exclusion_social
Escuelas con un nivel de marginacion alta,sep_enlacesecundaria_escuelas_marginacion_alta,,marginacion_exclusion_social
Escuelas con un nivel de marginacion media,sep_enlacemedia_escuelas_marginacion_media,,marginacion_exclusion_social
Escuelas con un nivel de marginacion alta,sep_enlaceprimaria_escuelas_marginacion_alta,,marginacion_exclusion_social
Escuelas con un nivel de marginacion media,sep_enlacesecundaria_escuelas_marginacion_media,,marginacion_exclusion_social
Escuelas con un nivel de marginacion muy alta,sep_enlacesecundaria_escuelas_marginacion_muy_alta,,marginacion_exclusion_social
Conteo de escuelas donde se aplicó la encuesta,sep_enlacesecundaria_conteo_escuelas,,marginacion_exclusion_social
Escuelas con un nivel de marginacion muy alta,sep_enlaceprimaria_escuelas_marginacion_muy_alta,,marginacion_exclusion_social
Escuelas con un nivel de marginacion media,sep_enlaceprimaria_escuelas_marginacion_media,,marginacion_exclusion_social
Escuelas con un nivel de marginacion baja,sep_enlaceprimaria_escuelas_marginacion_baja,,marginacion_exclusion_social
Conteo de escuelas donde se aplicó la encuesta,sep_enlaceprimaria_conteo_escuelas,,marginacion_exclusion_social
"Porcentaje de escuelas que cuenta con al menos la mitad de los siguientes servicios: drenaje, energía eléctrica, internet, enfermería o servicio médico, biblioteca, agua de la red pública, teléfono, laboratorios.",sep_censo_servicios_basicos,educativo,desercion_escolar
Número total de escuelas por unidad geográfica.,sep_censo_num_escuelas,educativo,marginacion_exclusion_social
poblacion de 15 años y mas analfabeta,inegi_cpv_edu28,educativo,marginacion_exclusion_social
Porcentaje de alumnos que obtuvieron bueno en comunicación,sep_enlacemedia_porcentaje_com_bueno,educativo,desercion_escolar
Porcentaje de alumnos que obtuvieron excelente en comunicación,sep_enlacemedia_porcentaje_com_excel,educativo,desercion_escolar
"Porcentaje de alumnos dentro del mismo sostenimiento, nivel de marginacion y estado que obtuvieron elemental en comunicación",sep_enlacemedia_porcentaje_com_elem_ent,educativo,desercion_escolar
Porcentaje de alumnos que obtuvieron insuficiente en comunicación,sep_enlacemedia_porcentaje_com_insuf,educativo,desercion_escolar
"Porcentaje de alumnos dentro del mismo sostenimiento, nivel de marginacion y pais que obtuvieron bueno en comunicación",sep_enlacemedia_porcentaje_com_bueno_pais,educativo,desercion_escolar
"Porcentaje de alumnos dentro del mismo sostenimiento, nivel de marginacion y estado que obtuvieron insuficiente en comunicación",sep_enlacemedia_porcentaje_com_insuf_ent,educativo,desercion_escolar
"Porcentaje de alumnos dentro del mismo sostenimiento, nivel de marginacion y estado que obtuvieron excelente en comunicación",sep_enlacemedia_porcentaje_com_excel_ent,educativo,desercion_escolar
"Porcentaje de alumnos dentro del mismo sostenimiento, nivel de marginacion y pais que obtuvieron excelente en comunicación",sep_enlacemedia_porcentaje_com_excel_pais,educativo,desercion_escolar
"Porcentaje de alumnos dentro del mismo sostenimiento, nivel de marginacion y pais que obtuvieron insuficiente en comunicación",sep_enlacemedia_porcentaje_com_insuf_pais,educativo,desercion_escolar
"Porcentaje de alumnos dentro del mismo sostenimiento, nivel de marginacion y estado que obtuvieron bueno en comunicación",sep_enlacemedia_porcentaje_com_bueno_ent,educativo,desercion_escolar
Puntaje que se obtuvo en español en 6 grado.,sep_enlaceprimaria_puntaje_6_esp,educativo,desercion_escolar
Porcentaje de alumnos que obtuvo elemental en español en 6 grado.,sep_enlaceprimaria_porcentaje_6_esp_elem,educativo,desercion_escolar
Porcentaje de alumnos que obtuvieron elemental en comunicación,sep_enlacemedia_porcentaje_com_elem,educativo,desercion_escolar
"Porcentaje de alumnos dentro del mismo sostenimiento, nivel de marginacion y pais que obtuvieron elemental en comunicación",sep_enlacemedia_porcentaje_com_elem_pais,educativo,desercion_escolar
Porcentaje de alumnos que obtuvo insuficiente en español en 3 grado.,sep_enlaceprimaria_porcentaje_3_esp_insuf,educativo,desercion_escolar
Porcentaje de alumnos que obtuvo bueno en español en 3 grado.,sep_enlaceprimaria_porcentaje_3_esp_bueno,educativo,desercion_escolar
Porcentaje de alumnos que obtuvo bueno en español en 4 grado.,sep_enlaceprimaria_porcentaje_4_esp_bueno,educativo,desercion_escolar
Puntaje que se obtuvo en español en 3 grado.,sep_enlaceprimaria_puntaje_3_esp,educativo,desercion_escolar
Porcentaje de alumnos que obtuvo elemental en español en 3 grado.,sep_enlaceprimaria_porcentaje_3_esp_elem,educativo,desercion_escolar
Porcentaje de alumnos que obtuvo elemental en español en 2 grado.,sep_enlacesecundaria_porcentaje_2_esp_elem,educativo,desercion_escolar
Porcentaje de alumnos que obtuvo excelente en español en 5 grado.,sep_enlaceprimaria_porcentaje_5_esp_excel,educativo,desercion_escolar
Puntaje que se obtuvo en español en 2 grado.,sep_enlacesecundaria_puntaje_2_esp,educativo,desercion_escolar
Puntaje que se obtuvo en español en 4 grado.,sep_enlaceprimaria_puntaje_4_esp,educativo,desercion_escolar
Porcentaje de alumnos que obtuvo excelente en español en 6 grado.,sep_enlaceprimaria_porcentaje_6_esp_excel,educativo,desercion_escolar
Porcentaje de alumnos que obtuvo elemental en español en 1 grado.,sep_enlacesecundaria_porcentaje_1_esp_elem,educativo,desercion_escolar
lesionesculposassindatos,segob_sesnsp_lesiones_culposas_sindatos,,violencia
Porcentaje de alumnos que obtuvo bueno en español en 1 grado.,sep_enlacesecundaria_porcentaje_1_esp_bueno,educativo,desercion_escolar
Porcentaje de alumnos que obtuvo bueno en español en 6 grado.,sep_enlaceprimaria_porcentaje_6_esp_bueno,educativo,desercion_escolar
Porcentaje de alumnos que obtuvo insuficiente en español en 2 grado.,sep_enlacesecundaria_porcentaje_2_esp_insuf,educativo,desercion_escolar
Puntaje que se obtuvo en español en 1 grado.,sep_enlacesecundaria_puntaje_1_esp,educativo,desercion_escolar
Porcentaje de alumnos que obtuvo insuficiente en español en 4 grado.,sep_enlaceprimaria_porcentaje_4_esp_insuf,educativo,desercion_escolar
Porcentaje de alumnos que obtuvo excelente en español en 2 grado.,sep_enlacesecundaria_porcentaje_2_esp_excel,educativo,desercion_escolar
Porcentaje de alumnos que obtuvo insuficiente en español en 3 grado.,sep_enlacesecundaria_porcentaje_3_esp_insuf,educativo,desercion_escolar
Porcentaje de alumnos que obtuvo insuficiente en español en 1 grado.,sep_enlacesecundaria_porcentaje_1_esp_insuf,educativo,desercion_escolar
Porcentaje de alumnos que obtuvo bueno en español en 3 grado.,sep_enlacesecundaria_porcentaje_3_esp_bueno,educativo,desercion_escolar
Porcentaje de alumnos que obtuvo excelente en español en 3 grado.,sep_enlacesecundaria_porcentaje_3_esp_excel,educativo,desercion_escolar
Puntaje que se obtuvo en español en 3 grado.,sep_enlacesecundaria_puntaje_3_esp,educativo,desercion_escolar
Porcentaje de alumnos que obtuvo elemental en español en 4 grado.,sep_enlaceprimaria_porcentaje_4_esp_elem,educativo,desercion_escolar
Porcentaje de alumnos que obtuvo elemental en español en 3 grado.,sep_enlacesecundaria_porcentaje_3_esp_elem,educativo,desercion_escolar
Porcentaje de alumnos que obtuvo insuficiente en español en 5 grado.,sep_enlaceprimaria_porcentaje_5_esp_insuf,educativo,desercion_escolar
Porcentaje de alumnos que obtuvo excelente en español en 1 grado.,sep_enlacesecundaria_porcentaje_1_esp_excel,educativo,desercion_escolar
Porcentaje de alumnos que obtuvo insuficiente en español en 6 grado.,sep_enlaceprimaria_porcentaje_6_esp_insuf,educativo,desercion_escolar
Porcentaje de alumnos que obtuvo bueno en español en 5 grado.,sep_enlaceprimaria_porcentaje_5_esp_bueno,educativo,desercion_escolar
Porcentaje de alumnos que obtuvo excelente en español en 4 grado.,sep_enlaceprimaria_porcentaje_4_esp_excel,educativo,desercion_escolar
Porcentaje de alumnos que obtuvo bueno en español en 2 grado.,sep_enlacesecundaria_porcentaje_2_esp_bueno,educativo,desercion_escolar
Porcentaje de alumnos que obtuvo elemental en español en 5 grado.,sep_enlaceprimaria_porcentaje_5_esp_elem,educativo,desercion_escolar
"Porcentaje de alumnos dentro del mismo sostenimiento, nivel de marginacion y pais que obtuvieron insuficiente en matemáticas",sep_enlacemedia_porcentaje_mat_insuf_pais,educativo,desercion_escolar
"Porcentaje de alumnos dentro del mismo sostenimiento, nivel de marginacion y estado que obtuvieron insuficiente en matemáticas",sep_enlacemedia_porcentaje_mat_insuf_ent,educativo,desercion_escolar
"Porcentaje de alumnos dentro del mismo sostenimiento, nivel de marginacion y estado que obtuvieron elemental en matemáticas",sep_enlacemedia_porcentaje_mat_elem_ent,educativo,desercion_escolar
"Porcentaje de alumnos dentro del mismo sostenimiento, nivel de marginacion y estado que obtuvieron excelente en matemáticas",sep_enlacemedia_porcentaje_mat_excel_ent,educativo,desercion_escolar
Porcentaje de alumnos que obtuvo insuficiente en matemáticas en 3 grado.,sep_enlaceprimaria_porcentaje_3_mat_insuf,educativo,desercion_escolar
"Porcentaje de alumnos dentro del mismo sostenimiento, nivel de marginacion y pais que obtuvieron elemental en matemáticas",sep_enlacemedia_porcentaje_mat_elem_pais,educativo,desercion_escolar
Porcentaje de alumnos que obtuvo bueno en matemáticas en 5 grado.,sep_enlaceprimaria_porcentaje_5_mat_bueno,educativo,desercion_escolar
Puntaje que se obtuvo en español en 5 grado.,sep_enlaceprimaria_puntaje_5_esp,educativo,desercion_escolar
Porcentaje de alumnos que obtuvo excelente en español en 3 grado.,sep_enlaceprimaria_porcentaje_3_esp_excel,educativo,desercion_escolar
Porcentaje de alumnos que obtuvo elemental en matemáticas en 5 grado.,sep_enlaceprimaria_porcentaje_5_mat_elem,educativo,desercion_escolar
Porcentaje de alumnos que obtuvo elemental en matemáticas en 3 grado.,sep_enlaceprimaria_porcentaje_3_mat_elem,educativo,desercion_escolar
Porcentaje de alumnos que obtuvo bueno en matemáticas en 3 grado.,sep_enlaceprimaria_porcentaje_3_mat_bueno,educativo,desercion_escolar
Porcentaje de alumnos que obtuvo insuficiente en matemáticas en 6 grado.,sep_enlaceprimaria_porcentaje_6_mat_insuf,educativo,desercion_escolar
Porcentaje de alumnos que obtuvo elemental en matemáticas en 6 grado.,sep_enlaceprimaria_porcentaje_6_mat_elem,educativo,desercion_escolar
Porcentaje de alumnos que obtuvieron insuficiente en matemáticas,sep_enlacemedia_porcentaje_mat_insuf,educativo,desercion_escolar
Porcentaje de alumnos que obtuvo insuficiente en matemáticas en 2 grado.,sep_enlacesecundaria_porcentaje_2_mat_insuf,educativo,desercion_escolar
Porcentaje de alumnos que obtuvo excelente en matemáticas en 3 grado.,sep_enlaceprimaria_porcentaje_3_mat_excel,educativo,desercion_escolar
Porcentaje de alumnos que obtuvo insuficiente en matemáticas en 5 grado.,sep_enlaceprimaria_porcentaje_5_mat_insuf,educativo,desercion_escolar
Porcentaje de alumnos que obtuvo excelente en matemáticas en 1 grado.,sep_enlacesecundaria_porcentaje_1_mat_excel,educativo,desercion_escolar
Puntaje que se obtuvo en matemáticas en 3 grado.,sep_enlaceprimaria_puntaje_3_mat,educativo,desercion_escolar
Porcentaje de alumnos que obtuvo excelente en matemáticas en 5 grado.,sep_enlaceprimaria_porcentaje_5_mat_excel,educativo,desercion_escolar
Puntaje que se obtuvo en matemáticas en 5 grado.,sep_enlaceprimaria_puntaje_5_mat,educativo,desercion_escolar
Puntaje que se obtuvo en matemáticas en 6 grado.,sep_enlaceprimaria_puntaje_6_mat,educativo,desercion_escolar
Porcentaje de alumnos que obtuvo bueno en matemáticas en 6 grado.,sep_enlaceprimaria_porcentaje_6_mat_bueno,educativo,desercion_escolar
Porcentaje de alumnos que obtuvo excelente en matemáticas en 6 grado.,sep_enlaceprimaria_porcentaje_6_mat_excel,educativo,desercion_escolar
"Porcentaje de alumnos dentro del mismo sostenimiento, nivel de marginacion y pais que obtuvieron bueno en matemáticas",sep_enlacemedia_porcentaje_mat_bueno_pais,educativo,desercion_escolar
Porcentaje de alumnos que obtuvo insuficiente en matemáticas en 4 grado.,sep_enlaceprimaria_porcentaje_4_mat_insuf,educativo,desercion_escolar
Porcentaje de alumnos que obtuvo elemental en matemáticas en 4 grado.,sep_enlaceprimaria_porcentaje_4_mat_elem,educativo,desercion_escolar
Porcentaje de alumnos que obtuvieron elemental en matemáticas,sep_enlacemedia_porcentaje_mat_elem,educativo,desercion_escolar
Porcentaje de alumnos que obtuvieron bueno en matemáticas,sep_enlacemedia_porcentaje_mat_bueno,educativo,desercion_escolar
Porcentaje de alumnos que obtuvo bueno en matemáticas en 1 grado.,sep_enlacesecundaria_porcentaje_1_mat_bueno,educativo,desercion_escolar
Porcentaje de alumnos que obtuvo excelente en matemáticas en 2 grado.,sep_enlacesecundaria_porcentaje_2_mat_excel,educativo,desercion_escolar
Porcentaje de alumnos que obtuvo insuficiente en matemáticas en 3 grado.,sep_enlacesecundaria_porcentaje_3_mat_insuf,educativo,desercion_escolar
Porcentaje de alumnos que obtuvo elemental en matemáticas en 2 grado.,sep_enlacesecundaria_porcentaje_2_mat_elem,educativo,desercion_escolar
Porcentaje de alumnos que obtuvo bueno en matemáticas en 2 grado.,sep_enlacesecundaria_porcentaje_2_mat_bueno,educativo,desercion_escolar
Puntaje que se obtuvo en matemáticas en 2 grado.,sep_enlacesecundaria_puntaje_2_mat,educativo,desercion_escolar
Puntaje que se obtuvo en matemáticas en 3 grado.,sep_enlacesecundaria_puntaje_3_mat,educativo,desercion_escolar
Porcentaje de alumnos que obtuvo elemental en matemáticas en 3 grado.,sep_enlacesecundaria_porcentaje_3_mat_elem,educativo,desercion_escolar
Puntaje que se obtuvo en matemáticas en 1 grado.,sep_enlacesecundaria_puntaje_1_mat,educativo,desercion_escolar
Puntaje que se obtuvo en matemáticas en 4 grado.,sep_enlaceprimaria_puntaje_4_mat,educativo,desercion_escolar
Porcentaje de alumnos que obtuvo excelente en matemáticas en 3 grado.,sep_enlacesecundaria_porcentaje_3_mat_excel,educativo,desercion_escolar
Porcentaje de alumnos que obtuvo bueno en matemáticas en 4 grado.,sep_enlaceprimaria_porcentaje_4_mat_bueno,educativo,desercion_escolar
Porcentaje de alumnos que obtuvo excelente en matemáticas en 4 grado.,sep_enlaceprimaria_porcentaje_4_mat_excel,educativo,desercion_escolar
Porcentaje de alumnos que obtuvo bueno en matemáticas en 3 grado.,sep_enlacesecundaria_porcentaje_3_mat_bueno,educativo,desercion_escolar
"Porcentaje de alumnos dentro del mismo sostenimiento, nivel de marginacion y pais que obtuvieron excelente en matemáticas",sep_enlacemedia_porcentaje_mat_excel_pais,educativo,desercion_escolar
Porcentaje de alumnos que obtuvo insuficiente en matemáticas en 1 grado.,sep_enlacesecundaria_porcentaje_1_mat_insuf,educativo,desercion_escolar
Porcentaje de alumnos que obtuvo elemental en matemáticas en 1 grado.,sep_enlacesecundaria_porcentaje_1_mat_elem,educativo,desercion_escolar
"Porcentaje de alumnos dentro del mismo sostenimiento, nivel de marginacion y estado que obtuvieron bueno en matemáticas",sep_enlacemedia_porcentaje_mat_bueno_ent,educativo,desercion_escolar
Porcentaje de alumnos que obtuvieron excelente en matemáticas,sep_enlacemedia_porcentaje_mat_excel,educativo,desercion_escolar
Edad promedio de los egresos cuya afección principal está vinculada con drogas,ss_sinais_egresos_edad_prom,individual,consumo_abuso_drogas_ilegales
Total de observaciones cuya afección principal está vinculada con drogas,ss_sinais_egresos_tot_casos,individual,consumo_abuso_drogas_ilegales
Total de observaciones por unidad administrativa,ss_sinais_egresos_conteo,individual,consumo_abuso_drogas_ilegales
otrosdelitosrestodelosdelitos(otros)restodelosdelitos(otros),segob_sesnsp_otrosdelitos_restodelosdelitosotros_restodelosdelitosotros,,violencia
otrosdelitosamenazasamenazas,segob_sesnsp_otrosdelitos_amenazas_amenazas,,violencia
delitos patrimoniales->abuso de confianza,segob_sesnsp_delitospatrimoniales_abusodeconfianza_abusodeconfianza,,violencia
delitos patrimoniales despojo sin datos,segob_sesnsp_delitospatrimoniales_despojo_sindatos,,violencia
delitos patrimoniales ->daño en propiedad ajena ,segob_sesnsp_delitospatrimoniales_despojo_conviolencia,,violencia
delitos patrimoniales despojo sin violencia,segob_sesnsp_delitospatrimoniales_despojo_sinviolencia,,violencia
delitospatrimonialesdespojosindatos,segob_sesnsp_delitospatrimoniales_fraude_fraude,,violencia
delitos patrimoniales abuso de confianza,segob_sesnsp_delitospatrimoniales_dañoenpropiedadajena_dañoenpropiedadajena,,violencia
delitospatrimonialesextorsionextorsion,segob_sesnsp_delitospatrimoniales_extorsion_extorsion,,violencia
otrosdelitosestuproestupro,segob_sesnsp_otrosdelitos_estupro_estupro,,violencia
otrosdelitosotrossexualesotrossexuales,segob_sesnsp_otrosdelitos_otrossexuales_otrossexuales,,violencia
delitossexuales(violacion)violacionviolacion,segob_sesnsp_delitossexualesviolacion_violacion_violacion,,violencia
homicidiosculpososconarmadefuego,segob_sesnsp_homicidios_culposos_conarmadefuego,,violencia
homicidiosculpososotros,segob_sesnsp_homicidios_culposos_otros,,violencia
homicidiosculpososconarmablanca,segob_sesnsp_homicidios_culposos_conarmablanca,,violencia
homicidiosculposossindatos,segob_sesnsp_homicidios_culposos_sindatos,,violencia
homicidiosdolososconarmablanca,segob_sesnsp_homicidios_dolosos_conarmablanca,,violencia
homicidiosdolososconarmadefuego,segob_sesnsp_homicidios_dolosos_conarmadefuego,,violencia
homicidiosdolososotros,segob_sesnsp_homicidios_dolosos_otros,,violencia
homicidiosdolosossindatos,segob_sesnsp_homicidios_dolosos_sindatos,,violencia
lesionesculposasconarmadefuego,segob_sesnsp_lesiones_culposas_conarmadefuego,,violencia
lesionesculposasotros,segob_sesnsp_lesiones_culposas_otros,,violencia
lesionesculposasconarmablanca,segob_sesnsp_lesiones_culposas_conarmablanca,,violencia
lesionesdolosasotros,segob_sesnsp_lesiones_dolosas_otros,,violencia
lesionesdolosassindatos,segob_sesnsp_lesiones_dolosas_sindatos,,violencia
lesionesdolosasconarmadefuego,segob_sesnsp_lesiones_dolosas_conarmadefuego,,violencia
lesionesdolosasconarmablanca,segob_sesnsp_lesiones_dolosas_conarmablanca,,violencia
 roboeninstitucionesbancariasconviolenciaacasadecambio,segob_sesnsp_roboeninstitucionesbancarias_conviolencia_acasadecambio,,violencia
 robocomunconviolenciaotros,segob_sesnsp_robocomun_conviolencia_otros,,violencia
 roboencarreterasconviolenciaotros,segob_sesnsp_roboencarreteras_conviolencia_otros,,violencia
 roboencarreterasconviolenciaaautobuses,segob_sesnsp_roboencarreteras_conviolencia_aautobuses,,violencia
 roboencarreterasconviolenciasindatos,segob_sesnsp_roboencarreteras_conviolencia_sindatos,,violencia
robocomunconviolenciaacasahabitacion,segob_sesnsp_robocomun_conviolencia_acasahabitacion,,violencia
 roboeninstitucionesbancariasconviolenciaacasadebolsa,segob_sesnsp_roboeninstitucionesbancarias_conviolencia_acasadebolsa,,violencia
 robocomunconviolenciadevehiculos,segob_sesnsp_robocomun_conviolencia_devehiculos,,violencia
 robocomunconviolenciasindatos,segob_sesnsp_robocomun_conviolencia_sindatos,,violencia
 roboencarreterasconviolenciaavehiculosparticulares,segob_sesnsp_roboencarreteras_conviolencia_avehiculosparticulares,,violencia
 roboeninstitucionesbancariasconviolenciasindatos,segob_sesnsp_roboeninstitucionesbancarias_conviolencia_sindatos,,violencia
 robocomunconviolenciaatransportistas,segob_sesnsp_robocomun_conviolencia_atransportistas,,violencia
 roboencarreterasconviolenciaacamionesdecarga,segob_sesnsp_roboencarreteras_conviolencia_acamionesdecarga,,violencia
 roboeninstitucionesbancariasconviolenciaabancos,segob_sesnsp_roboeninstitucionesbancarias_conviolencia_abancos,,violencia
 robocomunconviolenciaatranseuntes,segob_sesnsp_robocomun_conviolencia_atranseuntes,,violencia
 roboeninstitucionesbancariasconviolenciaaempresadetrasladodevalores,segob_sesnsp_roboeninstitucionesbancarias_conviolencia_aempresadetrasladodevalores,,violencia
 roboeninstitucionesbancariasconviolenciaotros,segob_sesnsp_roboeninstitucionesbancarias_conviolencia_otros,,violencia
robocomunconviolenciaanegocio,segob_sesnsp_robocomun_conviolencia_anegocio,,violencia
 roboencarreterassinviolenciaavehiculosparticulares,segob_sesnsp_roboencarreteras_sinviolencia_avehiculosparticulares,,violencia
 robocomunsinviolenciaatranseuntes,segob_sesnsp_robocomun_sinviolencia_atranseuntes,,violencia
 roboeninstitucionesbancariassinviolenciaacasadecambio,segob_sesnsp_roboeninstitucionesbancarias_sinviolencia_acasadecambio,,violencia
 roboencarreterassinviolenciaacamionesdecarga,segob_sesnsp_roboencarreteras_sinviolencia_acamionesdecarga,,violencia
 roboencarreterassinviolenciaaautobuses,segob_sesnsp_roboencarreteras_sinviolencia_aautobuses,,violencia
 robocomunsinviolenciadevehiculos,segob_sesnsp_robocomun_sinviolencia_devehiculos,,violencia
 roboencarreterassinviolenciasindatos,segob_sesnsp_roboencarreteras_sinviolencia_sindatos,,violencia
 robocomunsinviolenciaanegocio,segob_sesnsp_robocomun_sinviolencia_anegocio,,violencia
 robocomunsinviolenciaacasahabitacion,segob_sesnsp_robocomun_sinviolencia_acasahabitacion,,violencia
 roboeninstitucionesbancariassinviolenciaacasadebolsa,segob_sesnsp_roboeninstitucionesbancarias_sinviolencia_acasadebolsa,,violencia
 roboeninstitucionesbancariassinviolenciasindatos,segob_sesnsp_roboeninstitucionesbancarias_sinviolencia_sindatos,,violencia
 roboeninstitucionesbancariassinviolenciaotros,segob_sesnsp_roboeninstitucionesbancarias_sinviolencia_otros,,violencia
 robocomunsinviolenciaatransportistas,segob_sesnsp_robocomun_sinviolencia_atransportistas,,violencia
 roboencarreterassinviolenciaotros,segob_sesnsp_roboencarreteras_sinviolencia_otros,,violencia
 roboeninstitucionesbancariassinviolenciaabancos,segob_sesnsp_roboeninstitucionesbancarias_sinviolencia_abancos,,violencia
 roboeninstitucionesbancariassinviolenciaaempresadetrasladodevalores,segob_sesnsp_roboeninstitucionesbancarias_sinviolencia_aempresadetrasladodevalores,,violencia
 robocomunsinviolenciaotros,segob_sesnsp_robocomun_sinviolencia_otros,,violencia
 robodeganado(abigeato)abigeatoabigeato,segob_sesnsp_robodeganadoabigeato_abigeato_abigeato,,violencia
 robocomunsinviolenciasindatos,segob_sesnsp_robocomun_sinviolencia_sindatos,,violencia
Porcentaje de personas con carencia por acceso a la seguridad social,coneval_pobrezaingresosrezsocialgini_ic_segsoc,,marginacion_exclusion_social
Porcentaje de personas con carencia por calidad y espacios de la vivienda,coneval_pobrezaingresosrezsocialgini_ic_cv,familiar,ambientes_familiares_deteriorados_problematicos
Porcentaje de personas con carencia por calidad y espacios de la vivienda,coneval_pobrezaingresosrezsocialgini_ic_cv,social,ambientes_familiares_deteriorados_problematicos
Porcentaje de personas con carencia por acceso a los servicios básicos en la vivienda,coneval_pobrezaingresosrezsocialgini_ic_sbv,familiar,ambientes_familiares_deteriorados_problematicos
Porcentaje de personas con carencia por acceso a los servicios básicos en la vivienda,coneval_pobrezaingresosrezsocialgini_ic_sbv,social,ambientes_familiares_deteriorados_problematicos
Cohesion Social,coneval_pobrezacarencias_cohe_soc,comunitario,marginacion_exclusion_social
Personas con rezago educativo,coneval_pobrezaingresosrezsocialgini_N_ic_rezedu,social,desercion_escolar
Porcentaje de personas con rezago educativo,coneval_pobrezaingresosrezsocialgini_ic_rezedu,social,desercion_escolar
Grado de rezago social en 2010,coneval_pobrezaingresosrezsocialgini_gdo_rezsoc10,social,marginacion_exclusion_social
Índice de rezago social en 2010,coneval_pobrezaingresosrezsocialgini_irez_soc10,social,marginacion_exclusion_social
hogares censales con jefatura femenina,inegi_cpv_hogar2,familiar,ambientes_familiares_deteriorados_problematicos
